Link Name,Center of Mass X,Center of Mass Y,Center of Mass Z,Center of Mass Roll,Center of Mass Pitch,Center of Mass Yaw,Mass,Moment Ixx,Moment Ixy,Moment Ixz,Moment Iyy,Moment Iyz,Moment Izz,Visual X,Visual Y,Visual Z,Visual Roll,Visual Pitch,Visual Yaw,Mesh Filename,Color Red,Color Green,Color Blue,Color Alpha,Collision X,Collision Y,Collision Z,Collision Roll,Collision Pitch,Collision Yaw,Collision Mesh Filename,Material Name,SW Components,Coordinate System,Axis Name,Joint Name,Joint Type,Joint Origin X,Joint Origin Y,Joint Origin Z,Joint Origin Roll,Joint Origin Pitch,Joint Origin Yaw,Parent,Joint Axis X,Joint Axis Y,Joint Axis Z,Limit Effort,Limit Velocity,Limit Lower,Limit Upper,Calibration rising,Calibration falling,Dynamics Damping,Dynamics Friction,Safety Soft Upper,Safety Soft Lower,Safety K Position,Safety K Velocity
base_link,0.0125889880465298,1.42018773963137E-08,0.0310122702224599,0,0,0,7.8579931219516,0.00868865798988831,9.53418507228387E-10,5.40624908269756E-06,0.00881970311907807,-4.2190176908205E-06,0.00849417810381333,0,0,0,0,0,0,package://ymbot_xiaoxue_description/meshes/base_link.STL,0.698039215686274,0.698039215686274,0.698039215686274,1,0,0,0,0,0,0,package://ymbot_xiaoxue_description/meshes/base_link.STL,,仿生人腰部-1/腰部安装板-1;仿生人腰部-1/PH20L固定座2-2;仿生人腰部-1/PH20L固定座2-3;仿生人腰部-1/PH20L-3;仿生人腰部-1/PH20L-2;仿生人腰部-1/PH20L浮动座1-2;仿生人腰部-1/PH20L浮动座1-3;仿生人腰部-1/PH20L固定座2-1;仿生人腰部-1/PH20L-1;仿生人腰部-1/PH20L浮动座1-1,坐标系0,,,,0,0,0,0,0,0,,0,0,0,,,,,,,,,,,,
Left_Leg_Link1,0.0874934592171803,2.59153809523127E-11,-0.0370360699259347,0,0,0,1.72309358317879,0.0015922906483937,1.15121517040923E-11,0.000178645591816195,0.00272704042199334,-7.06622098017009E-15,0.00243456654520775,0,0,0,0,0,0,package://ymbot_xiaoxue_description/meshes/Left_Leg_Link1.STL,0.698039215686274,0.698039215686274,0.698039215686274,1,0,0,0,0,0,0,package://ymbot_xiaoxue_description/meshes/Left_Leg_Link1.STL,,PH20L固定座3-修改-1;PH17D-2,坐标系1,基准轴1,Left_Leg_Joint1,revolute,0.00044766,0.105,0,0,0,0,base_link,1,0,0,100,1,-3.14,3.14,,,0.01,0.01,,,,
Left_Leg_Link2,-0.0647598914332694,0.000110923672221097,-0.0265738395138879,0,0,0,0.360457877418657,0.000901964191502604,6.09369326565331E-07,-0.000108877079465775,0.000739469831948707,1.89629434431727E-06,0.00101821414362991,0,0,0,0,0,0,package://ymbot_xiaoxue_description/meshes/Left_Leg_Link2.STL,0.698039215686274,0.698039215686274,0.698039215686274,1,0,0,0,0,0,0,package://ymbot_xiaoxue_description/meshes/Left_Leg_Link2.STL,,PH20L固定座4-修改-1,坐标系2,基准轴2,Left_Leg_Joint2,revolute,0.105,0,-0.0725,0,0,0,Left_Leg_Link1,0,0,1,0,0,0,0,,,,,,,,
Left_Leg_Link3,0.00304835122705108,0.000167788737737817,-0.0529247216367146,0,0,0,3.87844062750824,0.0089982181729244,1.36120392269973E-09,0.000194555503446436,0.00788282205860851,9.30098267559907E-09,0.00703651198397195,0,0,0,0,0,0,package://ymbot_xiaoxue_description/meshes/Left_Leg_Link3.STL,0.698039215686274,0.698039215686274,0.698039215686274,1,0,0,0,0,0,0,package://ymbot_xiaoxue_description/meshes/Left_Leg_Link3.STL,,仿生人腰部-1/PH20L固定座2-5;仿生人腰部-1/PH20L-5;仿生人腰部-1/PH20L浮动座1-5;仿生人腰部-1/大腿骨架转接板-2;大腿骨架-男款-修改-1,坐标系3,基准轴3,Left_Leg_Joint3,revolute,-0.08,0.00089533,-0.074,0,0,0,Left_Leg_Link2,0,-1,0,0,0,0,0,,,,,,,,
Left_Leg_Link4,0.00129749780655422,0.00179278063630245,-0.139177483528115,0,0,0,3.97638648895733,0.0125091382101269,-2.14444586058409E-06,8.89822456192154E-05,0.0132811392028663,5.25133397667278E-05,0.00347681362177967,0,0,0,0,0,0,package://ymbot_xiaoxue_description/meshes/Left_Leg_Link4.STL,0.698039215686274,0.698039215686274,0.698039215686274,1,0,0,0,0,0,0,package://ymbot_xiaoxue_description/meshes/Left_Leg_Link4.STL,,小腿骨架-男款-修改-1;PH17D-1;PH17浮动座-1;PH14L-2;PH14L浮动座1-1,坐标系4,基准轴4,Left_Leg_Joint4,revolute,0,-0.00089533,-0.26,0,0,0,Left_Leg_Link3,0,-1,0,0,0,0,0,,,,,,,,
Left_Leg_Link5,0.00126669649612576,-3.53600482227989E-12,-0.0821426341666449,0,0,0,1.54295243073041,0.00129823895502965,-2.45450947682841E-10,-1.6909931144951E-14,0.00107536536137022,2.32218193078896E-08,0.00135976311046039,0,0,0,0,0,0,package://ymbot_xiaoxue_description/meshes/Left_Leg_Link5.STL,0.698039215686274,0.698039215686274,0.698039215686274,1,0,0,0,0,0,0,package://ymbot_xiaoxue_description/meshes/Left_Leg_Link5.STL,,新脚踝连接件-1;PH14L-3;PH14L浮动座1-2,坐标系5,基准轴5,Left_Leg_Joint5,revolute,0,0,-0.318,0,0,0,Left_Leg_Link4,0,-1,0,0,0,0,0,,,,,,,,
Left_Leg_Link6,0.0583497778087123,-5.55111512312578E-17,-0.0437046133228508,0,0,0,0.68324148295775,0.00045247793853001,-1.41823789900869E-18,6.9128609278287E-07,0.00267060486728031,-1.71621207563994E-19,0.00302732030830878,0,0,0,0,0,0,package://ymbot_xiaoxue_description/meshes/Left_Leg_Link6.STL,0.698039215686274,0.698039215686274,0.698039215686274,1,0,0,0,0,0,0,package://ymbot_xiaoxue_description/meshes/Left_Leg_Link6.STL,,脚底支撑板-修改-1;脚踝支撑座-2;脚踝支撑座-1,坐标系6,基准轴6,Left_Leg_Joint6,revolute,0,0,-0.088,0,0,0,Left_Leg_Link5,-1,0,0,0,0,0,0,,,,,,,,
Right_Leg_Link1,0.0883887881395281,2.59154919746152E-11,-0.0370360699259347,0,0,0,1.72309358317879,0.0015922906483937,1.15121516183362E-11,0.000178645591816199,0.00272704042199334,-7.06606841792164E-15,0.00243456654520774,0,0,0,0,0,0,package://ymbot_xiaoxue_description/meshes/Right_Leg_Link1.STL,0.698039215686274,0.698039215686274,0.698039215686274,1,0,0,0,0,0,0,package://ymbot_xiaoxue_description/meshes/Right_Leg_Link1.STL,,PH20L固定座3-修改-2;PH17D-3,坐标系7,基准轴7,Right_Leg_Joint1,revolute,-0.00044766,-0.105,0,0,0,0,base_link,1,0,0,0,0,0,0,,,,,,,,
Right_Leg_Link2,-0.0647598914563343,0.000110923443845945,-0.0265738395436379,0,0,0,0.360457875058491,0.000901964188248899,6.09369516519945E-07,-0.000108877079537363,0.000739469831708448,1.89629494879761E-06,0.00101821414046651,0,0,0,0,0,0,package://ymbot_xiaoxue_description/meshes/Right_Leg_Link2.STL,0.698039215686274,0.698039215686274,0.698039215686274,1,0,0,0,0,0,0,package://ymbot_xiaoxue_description/meshes/Right_Leg_Link2.STL,,PH20L固定座4-修改-2,坐标系8,基准轴8,Right_Leg_Joint2,revolute,0.1059,0,-0.0725,0,0,0,Right_Leg_Link1,0,0,1,0,0,0,0,,,,,,,,
Right_Leg_Link3,0.0030483512270511,0.00106311766008571,-0.0529247216367146,0,0,0,3.87844062750824,0.00899821817292438,1.36120392702443E-09,0.000194555503446429,0.00788282205860849,9.30098267007742E-09,0.00703651198397195,0,0,0,0,0,0,package://ymbot_xiaoxue_description/meshes/Right_Leg_Link3.STL,0.698039215686274,0.698039215686274,0.698039215686274,1,0,0,0,0,0,0,package://ymbot_xiaoxue_description/meshes/Right_Leg_Link3.STL,,仿生人腰部-2/PH20L固定座2-5;仿生人腰部-2/PH20L-5;仿生人腰部-2/PH20L浮动座1-5;仿生人腰部-2/大腿骨架转接板-2;大腿骨架-男款-修改-2,坐标系9,基准轴9,Right_Leg_Joint3,revolute,-0.08,0,-0.074,0,0,0,Right_Leg_Link2,0,-1,0,0,0,0,0,,,,,,,,
Right_Leg_Link4,0.00129749780655419,0.00179278063630245,-0.139177483528115,0,0,0,3.97638648895733,0.0125091382101275,-2.14444586058366E-06,8.89822456192032E-05,0.0132811392028663,5.25133397668617E-05,0.0034768136217803,0,0,0,0,0,0,package://ymbot_xiaoxue_description/meshes/Right_Leg_Link4.STL,0.698039215686274,0.698039215686274,0.698039215686274,1,0,0,0,0,0,0,package://ymbot_xiaoxue_description/meshes/Right_Leg_Link4.STL,,小腿骨架-男款-修改-2;PH17D-4;PH17浮动座-2;PH14L-5;PH14L浮动座1-4,坐标系10,基准轴10,Right_Leg_Joint4,revolute,0,0,-0.26,0,0,0,Right_Leg_Link3,0,-1,0,0,0,0,0,,,,,,,,
Right_Leg_Link5,0.00126669651041142,2.072914062623E-11,-0.0821426341329005,0,0,0,1.54295242895931,0.00129823895367292,-2.44958623595695E-10,-9.28007441958596E-14,0.00107536536074053,2.32214686280252E-08,0.00135976310935994,0,0,0,0,0,0,package://ymbot_xiaoxue_description/meshes/Right_Leg_Link5.STL,0.698039215686274,0.698039215686274,0.698039215686274,1,0,0,0,0,0,0,package://ymbot_xiaoxue_description/meshes/Right_Leg_Link5.STL,,新脚踝连接件-2;PH14L-4;PH14L浮动座1-3,坐标系11,基准轴11,Right_Leg_Joint5,revolute,0,0,-0.318,0,0,0,Right_Leg_Link4,0,-1,0,0,0,0,0,,,,,,,,
Right_Leg_Link6,0.0583497778087123,5.55111512312578E-17,-0.0437046133228509,0,0,0,0.68324148295775,0.000452477938530009,-1.32841055577612E-18,6.91286092782885E-07,0.00267060486728031,-1.89922300126858E-19,0.00302732030830878,0,0,0,0,0,0,package://ymbot_xiaoxue_description/meshes/Right_Leg_Link6.STL,0.698039215686274,0.698039215686274,0.698039215686274,1,0,0,0,0,0,0,package://ymbot_xiaoxue_description/meshes/Right_Leg_Link6.STL,,脚踝支撑座-3;脚踝支撑座-4;脚底支撑板-修改-2,坐标系12,基准轴12,Right_Leg_Joint6,revolute,0,0,-0.088,0,0,0,Right_Leg_Link5,-1,0,0,0,0,0,0,,,,,,,,
Body_Link1,-0.0423890433231751,8.96778651338082E-10,-0.000137870987974326,0,0,0,0.290021192517815,0.00070515647668539,2.48537891049195E-12,1.69486522378487E-06,0.000842591890898022,-5.73088577017205E-14,0.000419117563102183,0,0,0,0,0,0,package://ymbot_xiaoxue_description/meshes/Body_Link1.STL,0.698039215686274,0.698039215686274,0.698039215686274,1,0,0,0,0,0,0,package://ymbot_xiaoxue_description/meshes/Body_Link1.STL,,仿生人腰部-1/PH20L固定座1-男款-1,坐标系21,基准轴21,Body_Joint1,revolute,0.040448,0,0.1,0,1.5708,0,base_link,0,0,1,0,0,0,0,,,,,,,,
Body_Link2,0.000384803223719477,4.81418066522465E-09,-0.19262200079807,0,0,0,5.89099252235334,0.0277738329001306,7.80073650259493E-10,6.33289378483166E-12,0.0245137453067583,-1.0374693814415E-09,0.00841828785696616,0,0,0,0,0,0,package://ymbot_xiaoxue_description/meshes/Body_Link2.STL,0.698039215686274,0.698039215686274,0.698039215686274,1,0,0,0,0,0,0,package://ymbot_xiaoxue_description/meshes/Body_Link2.STL,,仿生人形躯干-1/腰部转接板-男款-1;仿生人形躯干-1/PH17D-1;仿生人形躯干-1/PP11L固定座1-2;仿生人形躯干-1/PP11L固定座1-1;仿生人形躯干-1/PP11L固定座2-男款-1;仿生人形躯干-1/model_pp11L-1;仿生人形躯干-1/仿生右臂-1/model_pp11L-1;仿生人形躯干-1/仿生左臂-1/model_pp11L-1,坐标系22,基准轴22,Body_Joint2,revolute,-0.0725,0,0,0,1.5708,0,Body_Link1,0,0,-1,0,0,0,0,,,,,,,,
Neck_Link1,3.90799059779567E-11,0.0214003912612123,-0.0457266499210219,0,0,0,0.489109025112666,5.5530281242777E-05,3.52023217055145E-15,-6.13946606505035E-13,8.43349132879759E-05,1.6712209435167E-15,6.09265562367181E-05,0,0,0,0,0,0,package://ymbot_xiaoxue_description/meshes/Neck_Link1.STL,0.698039215686274,0.698039215686274,0.698039215686274,1,0,0,0,0,0,0,package://ymbot_xiaoxue_description/meshes/Neck_Link1.STL,,仿生人形躯干-1/model_pp11d_v3-1;仿生人形躯干-1/PP11L固定座3-1,坐标系23,基准轴23,Neck_Joint1,revolute,0,0,-0.3551,0,0,0,Body_Link2,0,0,-1,0,0,0,0,,,,,,,,
Neck_Link2,0,-0.0200924845017263,-1.5000000001375E-05,0,0,0,0.0641160510599206,5.24426769351614E-05,2.21179115874033E-21,1.63145219954747E-20,4.97850318983702E-05,-1.27046369005861E-19,2.24306160335809E-05,0,0,0,0,0,0,package://ymbot_xiaoxue_description/meshes/Neck_Link2.STL,0.698039215686274,0.698039215686274,0.698039215686274,1,0,0,0,0,0,0,package://ymbot_xiaoxue_description/meshes/Neck_Link2.STL,,仿生人形躯干-1/PP11D固定座1-1,坐标系24,基准轴24,Neck_Joint2,revolute,0,0,-0.049,1.5708,0,0,Neck_Link1,0,0,1,0,0,0,0,,,,,,,,
Left_Arm_Link1,-0.0214003912612115,3.9079739444503E-11,-0.0457266499210214,0,0,0,0.489109025112653,8.43349132879733E-05,-3.52023422829017E-15,-1.67120909512369E-15,5.55302812427758E-05,-6.13946609711989E-13,6.09265562367168E-05,0,0,0,0,0,0,package://ymbot_xiaoxue_description/meshes/Left_Arm_Link1.STL,0.698039215686274,0.698039215686274,0.698039215686274,1,0,0,0,0,0,0,package://ymbot_xiaoxue_description/meshes/Left_Arm_Link1.STL,,仿生人形躯干-1/仿生左臂-1/PP11L固定座3-1;仿生人形躯干-1/仿生左臂-1/model_pp11d_v3-1,坐标系31,基准轴31,Left_Arm_Joint1,revolute,0,0.136,-0.35,1.5708,0,0,Body_Link2,0,0,-1,0,0,0,0,,,,,,,,
Left_Arm_Link2,-2.77555756156289E-17,0.0200924845017263,-8.32667268468867E-17,0,0,0,0.0641160510599203,5.24426769351609E-05,-1.10114283143059E-20,-1.04557559042468E-20,4.97850318983697E-05,-8.51807397384445E-20,2.24306160335808E-05,0,0,0,0,0,0,package://ymbot_xiaoxue_description/meshes/Left_Arm_Link2.STL,0.698039215686274,0.698039215686274,0.698039215686274,1,0,0,0,0,0,0,package://ymbot_xiaoxue_description/meshes/Left_Arm_Link2.STL,,仿生人形躯干-1/仿生左臂-1/PP11D固定座1-1,坐标系32,基准轴32,Left_Arm_Joint2,revolute,0,0,-0.049,-1.5708,1.3963,-1.5708,Left_Arm_Link1,0,0,1,0,0,0,0,,,,,,,,
Left_Arm_Link3,0.00985903021357649,-2.20541147838427E-05,-0.132597036671886,0,0,0,1.06167641464671,0.000783573568022203,2.80308570121389E-09,-9.39817223518633E-10,0.00080035144910874,1.49072670011916E-06,0.000317765409692069,0,0,0,0,0,0,package://ymbot_xiaoxue_description/meshes/Left_Arm_Link3.STL,0.698039215686274,0.698039215686274,0.698039215686274,1,0,0,0,0,0,0,package://ymbot_xiaoxue_description/meshes/Left_Arm_Link3.STL,,仿生人形躯干-1/仿生左臂-1/model_pp11_v3-1;仿生人形躯干-1/仿生左臂-1/PP11固定座1-1;仿生人形躯干-1/仿生左臂-1/PP11L固定座3-2;仿生人形躯干-1/仿生左臂-1/model_pp11d_v3-2,坐标系33,基准轴33,Left_Arm_Joint3,revolute,0,0.037,0,1.5708,0,0,Left_Arm_Link2,0,0,-1,0,0,0,0,,,,,,,,
Left_Arm_Link4,0.02168044136176,-5.55111512312578E-17,9.71445146547012E-17,0,0,0,0.0476068874411416,3.3393671216354E-05,1.0482032722272E-20,5.71747239396653E-20,3.56497932549051E-05,3.59989002583078E-21,1.14769911572782E-05,0,0,0,0,0,0,package://ymbot_xiaoxue_description/meshes/Left_Arm_Link4.STL,0.698039215686274,0.698039215686274,0.698039215686274,1,0,0,0,0,0,0,package://ymbot_xiaoxue_description/meshes/Left_Arm_Link4.STL,,仿生人形躯干-1/仿生左臂-1/PP11D固定座2-1,坐标系34,基准轴34,Left_Arm_Joint4,revolute,0,0,-0.2264,-1.5708,1.0472,-1.5708,Left_Arm_Link3,0,0,-1,0,0,0,0,,,,,,,,
Left_Arm_Link5,0.00236431395225681,-1.8698304649345E-05,0.093776384389925,0,0,0,0.488442136367445,0.00017256221927308,-1.96701744857112E-09,-5.5691627241049E-10,0.000185359424009415,-3.96817630386825E-07,7.5195636354599E-05,0,0,0,0,0,0,package://ymbot_xiaoxue_description/meshes/Left_Arm_Link5.STL,0.698039215686274,0.698039215686274,0.698039215686274,1,0,0,0,0,0,0,package://ymbot_xiaoxue_description/meshes/Left_Arm_Link5.STL,,仿生人形躯干-1/仿生左臂-1/model_pp08_v3-1;仿生人形躯干-1/仿生左臂-1/PP08固定座1-1;仿生人形躯干-1/仿生左臂-1/PP08D固定座1-1;仿生人形躯干-1/仿生左臂-1/model_pp08d_v3-1,坐标系35,基准轴35,Left_Arm_Joint5,revolute,0.035,0,0,0,1.5708,0,Left_Arm_Link4,0,0,1,0,0,0,0,,,,,,,,
Left_Arm_Link6,-0.0155493828720698,5.55111512312578E-17,0,0,0,0,0.0396502815163659,1.9485445570602E-05,5.9292306307801E-21,3.47283508374263E-20,2.06670288623966E-05,-5.9821701899835E-21,8.86541967039481E-06,0,0,0,0,0,0,package://ymbot_xiaoxue_description/meshes/Left_Arm_Link6.STL,0.698039215686274,0.698039215686274,0.698039215686274,1,0,0,0,0,0,0,package://ymbot_xiaoxue_description/meshes/Left_Arm_Link6.STL,,仿生人形躯干-1/仿生左臂-1/PP08D固定座2-1,坐标系36,基准轴36,Left_Arm_Joint6,revolute,0,0,0.16815,0,1.5708,0,Left_Arm_Link5,0,0,-1,0,0,0,0,,,,,,,,
Left_Arm_Link7,7.13855877326752E-08,3.65810851887249E-05,-0.0319902991486745,0,0,0,0.249699435181409,8.09217383633039E-05,1.94286791644994E-09,5.44729784534812E-10,8.3266969690681E-05,-9.83412017984836E-08,6.07359293142261E-05,0,0,0,0,0,0,package://ymbot_xiaoxue_description/meshes/Left_Arm_Link7.STL,0.698039215686274,0.698039215686274,0.698039215686274,1,0,0,0,0,0,0,package://ymbot_xiaoxue_description/meshes/Left_Arm_Link7.STL,,仿生人形躯干-1/仿生左臂-1/model_pp08_v3-2;仿生人形躯干-1/仿生左臂-1/PP08固定座2-1,坐标系37,基准轴37,Left_Arm_Joint7,revolute,-0.029,0,0,0,1.5708,0,Left_Arm_Link6,0,0,-1,0,0,0,0,,,,,,,,
Right_Arm_Link1,0.0214003912612115,3.9079961489108E-11,0.0457266499210208,0,0,0,0.489109025112652,8.43349132879734E-05,3.52023993270379E-15,-1.671207374271E-15,5.55302812427758E-05,6.13946607268533E-13,6.09265562367169E-05,0,0,0,0,0,0,package://ymbot_xiaoxue_description/meshes/Right_Arm_Link1.STL,0.698039215686274,0.698039215686274,0.698039215686274,1,0,0,0,0,0,0,package://ymbot_xiaoxue_description/meshes/Right_Arm_Link1.STL,,仿生人形躯干-1/仿生右臂-1/PP11L固定座3-1;仿生人形躯干-1/仿生右臂-1/model_pp11d_v3-1,坐标系41,基准轴41,Right_Arm_Joint1,revolute,0,-0.136,-0.35,1.5708,0,0,Body_Link2,0,0,1,0,0,0,0,,,,,,,,
Right_Arm_Link2,-1.11022302462516E-16,0.0200924845017262,-2.77555756156289E-17,0,0,0,0.0641160510599202,5.24426769351607E-05,-1.10114283143059E-20,-4.6203436739766E-20,4.97850318983696E-05,4.08098105577694E-20,2.24306160335807E-05,0,0,0,0,0,0,package://ymbot_xiaoxue_description/meshes/Right_Arm_Link2.STL,0.698039215686274,0.698039215686274,0.698039215686274,1,0,0,0,0,0,0,package://ymbot_xiaoxue_description/meshes/Right_Arm_Link2.STL,,仿生人形躯干-1/仿生右臂-1/PP11D固定座1-1,坐标系42,基准轴42,Right_Arm_Joint2,revolute,0,0,0.049,1.5708,1.3963,1.5708,Right_Arm_Link1,0,0,-1,0,0,0,0,,,,,,,,
Right_Arm_Link3,-0.00985903027362633,2.20542677700497E-05,-0.132597036494793,0,0,0,1.06167640906384,0.000783573548210956,2.80454474136085E-09,9.40832380962552E-10,0.000800351435080516,-1.49071850399046E-06,0.000317765408363854,0,0,0,0,0,0,package://ymbot_xiaoxue_description/meshes/Right_Arm_Link3.STL,0.698039215686274,0.698039215686274,0.698039215686274,1,0,0,0,0,0,0,package://ymbot_xiaoxue_description/meshes/Right_Arm_Link3.STL,,仿生人形躯干-1/仿生右臂-1/model_pp11_v3-1;仿生人形躯干-1/仿生右臂-1/PP11固定座1-1;仿生人形躯干-1/仿生右臂-1/PP11L固定座3-2;仿生人形躯干-1/仿生右臂-1/model_pp11d_v3-2,坐标系43,基准轴43,Right_Arm_Joint3,revolute,0,0.037,0,1.5708,0,0,Right_Arm_Link2,0,0,-1,0,0,0,0,,,,,,,,
Right_Arm_Link4,0.0216804413617601,2.77555756156289E-17,-3.33066907387547E-16,0,0,0,0.0476068874411416,3.33936712163541E-05,1.54054117281876E-20,-1.63053842346453E-19,3.56497932549053E-05,-1.79994501291539E-21,1.14769911572783E-05,0,0,0,0,0,0,package://ymbot_xiaoxue_description/meshes/Right_Arm_Link4.STL,0.698039215686274,0.698039215686274,0.698039215686274,1,0,0,0,0,0,0,package://ymbot_xiaoxue_description/meshes/Right_Arm_Link4.STL,,仿生人形躯干-1/仿生右臂-1/PP11D固定座2-1,坐标系44,基准轴44,Right_Arm_Joint4,revolute,0,0,-0.2264,-1.5708,1.0472,-1.5708,Right_Arm_Link3,0,0,1,0,0,0,0,,,,,,,,
Right_Arm_Link5,-0.00236431428227268,1.87001911635398E-05,0.0937763652633915,0,0,0,0.488442240065499,0.000172562266998462,-1.96976906897735E-09,5.50795966550951E-10,0.000185359489314006,3.96830831858784E-07,7.5195659067479E-05,0,0,0,0,0,0,package://ymbot_xiaoxue_description/meshes/Right_Arm_Link5.STL,0.698039215686274,0.698039215686274,0.698039215686274,1,0,0,0,0,0,0,package://ymbot_xiaoxue_description/meshes/Right_Arm_Link5.STL,,仿生人形躯干-1/仿生右臂-1/model_pp08_v3-1;仿生人形躯干-1/仿生右臂-1/PP08固定座1-1;仿生人形躯干-1/仿生右臂-1/model_pp08d_v3-1;仿生人形躯干-1/仿生右臂-1/PP08D固定座1-1,坐标系45,基准轴45,Right_Arm_Joint5,revolute,0.035,0,0,3.1416,1.5708,3.1416,Right_Arm_Link4,0,0,1,0,0,0,0,,,,,,,,
Right_Arm_Link6,-0.01554938287207,-5.55111512312578E-17,2.22044604925031E-16,0,0,0,0.0396502815163659,1.9485445570602E-05,-8.94678550537355E-21,1.41878018665095E-20,2.06670288623967E-05,-9.63499977501767E-21,8.86541967039481E-06,0,0,0,0,0,0,package://ymbot_xiaoxue_description/meshes/Right_Arm_Link6.STL,0.698039215686274,0.698039215686274,0.698039215686274,1,0,0,0,0,0,0,package://ymbot_xiaoxue_description/meshes/Right_Arm_Link6.STL,,仿生人形躯干-1/仿生右臂-1/PP08D固定座2-1,坐标系46,基准轴46,Right_Arm_Joint6,revolute,0,0,0.16815,0,1.5708,0,Right_Arm_Link5,0,0,1,0,0,0,0,,,,,,,,
Right_Arm_Link7,-6.8599E-08,3.6572E-05,-0.03199,0,0,0,0.2497,8.0922E-05,1.9417E-09,-5.538E-10,8.3267E-05,-9.8313E-08,6.0736E-05,0,0,0,0,0,0,package://ymbot_xiaoxue_description/meshes/Right_Arm_Link7.STL,0.69804,0.69804,0.69804,1,0,0,0,0,0,0,package://ymbot_xiaoxue_description/meshes/Right_Arm_Link7.STL,,仿生人形躯干-1/仿生右臂-1/model_pp08_v3-2;仿生人形躯干-1/仿生右臂-1/PP08固定座2-1,坐标系47,基准轴47,Right_Arm_Joint7,revolute,-0.029,0,0,0,1.5708,0,Right_Arm_Link6,0,0,-1,0,0,0,0,,,,,,,,
